1,0,1,spray0_menu,spray0,
2,1,2,spray1_menu,spray1,
3,2,3,spray2_menu,spray2,
4,3,4,spray3_menu,spray3,
5,4,5,spray4_menu,spray4,
6,5,6,spray5_menu,spray5,
7,6,7,spray6_menu,spray6,
8,7,8,spray7_menu,spray7,
9,8,9,spray8_menu,spray8,
10,9,10,spray9_menu,spray9,
11,10,11,spray10_menu,spray10,
12,11,12,spray11_menu,spray11,
13,12,13,spray12_menu,spray12,
14,13,14,spray13_menu,spray13,
15,14,15,spray14_menu,spray14,
16,15,16,spray15_menu,spray15,
17,16,17,spray16_menu,spray16,
18,17,18,spray17_menu,spray17,
19,18,19,spray18_menu,spray18,
20,19,20,spray19_menu,spray19,
21,20,21,spray20_menu,spray20,
22,21,22,spray21_menu,spray21,
23,22,23,spray22_menu,spray22,
24,23,24,spray23_menu,spray23,
25,24,25,spray24_menu,spray24,
26,25,26,spray25_menu,spray25,

